Date,Platform,Activity,Category,Earnings (£),Time (min),Notes,Tax Status
2026-07-24,Prolific,AI perception study,Surveys,3.50,12,Interesting academic,Trading income
2026-07-24,Freecash,Raid Shadow Legends lvl15,Game Offer,12.50,180,3-day grind,Trading income
2026-07-24,Qmee,Sidebar surveys,Microwork,2.10,15,Instant PayPal,Trading income
,
WEEKLY TOTALS,,,,,,,
Week,Survey Earnings,Testing Earnings,AI Training,Matched Betting,Bank Switches,Total,Time (h)
Week 1,0.00,0.00,0.00,0.00,0.00,0.00,0
Week 2,0.00,0.00,0.00,0.00,0.00,0.00,0
Week 3,0.00,0.00,0.00,0.00,0.00,0.00,0
Week 4,0.00,0.00,0.00,0.00,0.00,0.00,0
,
MONTHLY TOTALS,,,,,,,
Month,Surveys,Testing,AI Training,Matched Betting,Bank Switches,TOTAL,Hourly £/h,,,,
Jul 2026,0.00,0.00,0.00,0.00,0.00,0.00,0.00,,,,
Aug 2026,0.00,0.00,0.00,0.00,0.00,0.00,0.00,,,,
Sep 2026,0.00,0.00,0.00,0.00,0.00,0.00,0.00,,,,
,
YEARLY TOTALS,,,,,,,
Year,Surveys,Testing,AI Training,Matched Betting,Bank Switches,TOTAL,Annual £/h,,,,
2026,0.00,0.00,0.00,0.00,0.00,0.00,0.00,,,,
,
HMRC THRESHOLD REMINDER,,,,,,,
Trading income only (surveys + testing + AI training):,0.00,,,,"£1,000/year tax-free before registering as self-employed",,,
Gambling winnings (matched betting):,0.00,,,,"Tax-free (HMRC does not tax gambling profits)",,,
Bank switch incentives:,0.00,,,,"Treated as savings interest (covered by Personal Savings Allowance)",,,
TOTAL TAXABLE (trading only):,0.00,,,,"Keep under £1,000 to avoid self-assessment",,,
