"Image Name","PID","Session Name","Session#","Mem Usage"
"System Idle Process","0","Services","0","8 K"
"System","4","Services","0","12 K"
"Secure System","140","Services","0","40,808 K"
"Registry","184","Services","0","19,536 K"
"smss.exe","668","Services","0","264 K"
"csrss.exe","756","Services","0","1,968 K"
"wininit.exe","1056","Services","0","724 K"
"csrss.exe","1064","Console","1","3,296 K"
"winlogon.exe","1156","Console","1","2,868 K"
"services.exe","1184","Services","0","8,148 K"
"LsaIso.exe","1224","Services","0","820 K"
"lsass.exe","1232","Services","0","14,404 K"
"svchost.exe","1380","Services","0","24,732 K"
"fontdrvhost.exe","1412","Console","1","1,344 K"
"fontdrvhost.exe","1420","Services","0","164 K"
"WUDFHost.exe","1428","Services","0","324 K"
"svchost.exe","1552","Services","0","14,852 K"
"svchost.exe","1604","Services","0","4,456 K"
"WUDFHost.exe","1648","Services","0","6,100 K"
"dwm.exe","1732","Console","1","47,680 K"
"svchost.exe","1816","Services","0","1,236 K"
"svchost.exe","1880","Services","0","2,560 K"
"svchost.exe","1904","Services","0","1,920 K"
"svchost.exe","1928","Services","0","7,992 K"
"svchost.exe","2044","Services","0","2,852 K"
"svchost.exe","748","Services","0","2,964 K"
"svchost.exe","1068","Services","0","2,148 K"
"svchost.exe","2076","Services","0","19,208 K"
"svchost.exe","2096","Services","0","9,392 K"
"IntelCpHDCPSvc.exe","2132","Services","0","1,764 K"
"svchost.exe","2144","Services","0","5,552 K"
"svchost.exe","2176","Services","0","1,612 K"
"svchost.exe","2264","Services","0","7,760 K"
"svchost.exe","2276","Services","0","4,816 K"
"IntelCpHeciSvc.exe","2384","Services","0","1,828 K"
"svchost.exe","2500","Services","0","6,676 K"
"svchost.exe","2520","Services","0","12,320 K"
"svchost.exe","2544","Services","0","5,576 K"
"igfxCUIService.exe","2684","Services","0","276 K"
"svchost.exe","2724","Services","0","1,168 K"
"svchost.exe","2864","Services","0","1,028 K"
"svchost.exe","3020","Services","0","6,256 K"
"svchost.exe","1244","Services","0","15,000 K"
"vmms.exe","3080","Services","0","6,348 K"
"svchost.exe","3164","Services","0","2,668 K"
"svchost.exe","3212","Services","0","7,168 K"
"svchost.exe","3248","Services","0","12,740 K"
"svchost.exe","3256","Services","0","4,564 K"
"svchost.exe","3324","Services","0","1,392 K"
"svchost.exe","3332","Services","0","6,732 K"
"AppHelperCap.exe","3428","Services","0","12,044 K"
"svchost.exe","3436","Services","0","2,256 K"
"svchost.exe","3444","Services","0","3,044 K"
"svchost.exe","3460","Services","0","3,624 K"
"Memory Compression","3484","Services","0","943,228 K"
"SysInfoCap.exe","3496","Services","0","13,824 K"
"DiagsCap.exe","3512","Services","0","2,704 K"
"TouchpointAnalyticsClientService.exe","3536","Services","0","25,788 K"
"NetworkCap.exe","3544","Services","0","8,232 K"
"hpsvcsscan.exe","3552","Services","0","18,268 K"
"svchost.exe","3860","Services","0","11,988 K"
"svchost.exe","3948","Services","0","9,748 K"
"svchost.exe","3984","Services","0","8,356 K"
"vmcompute.exe","4316","Services","0","9,100 K"
"svchost.exe","4448","Services","0","680 K"
"unsecapp.exe","4648","Services","0","3,296 K"
"svchost.exe","4856","Services","0","3,896 K"
"WmiPrvSE.exe","4896","Services","0","19,780 K"
"svchost.exe","5384","Services","0","12,292 K"
"sihost.exe","5616","Console","1","15,740 K"
"svchost.exe","5648","Console","1","7,652 K"
"PresentationFontCache.exe","5692","Services","0","1,496 K"
"svchost.exe","5748","Console","1","992 K"
"svchost.exe","5892","Console","1","2,624 K"
"svchost.exe","5900","Services","0","19,108 K"
"taskhostw.exe","6000","Console","1","3,820 K"
"igfxEM.exe","3748","Console","1","1,588 K"
"explorer.exe","6304","Console","1","79,916 K"
"svchost.exe","6380","Services","0","2,412 K"
"svchost.exe","6436","Services","0","11,752 K"
"svchost.exe","6532","Services","0","12,008 K"
"svchost.exe","6544","Services","0","3,052 K"
"svchost.exe","6764","Services","0","1,368 K"
"svchost.exe","6820","Services","0","2,244 K"
"CrossDeviceResume.exe","7052","Console","1","520 K"
"svchost.exe","7108","Services","0","3,500 K"
"svchost.exe","6316","Services","0","3,652 K"
"svchost.exe","6100","Console","1","2,248 K"
"NgcIso.exe","7172","Services","0","1,176 K"
"CrossDeviceService.exe","7628","Console","1","5,628 K"
"WidgetBoard.exe","7720","Console","1","516 K"
"SearchHost.exe","7900","Console","1","86,904 K"
"StartMenuExperienceHost.exe","7916","Console","1","143,316 K"
"RuntimeBroker.exe","8144","Console","1","33,452 K"
"svchost.exe","8152","Console","1","8,012 K"
"svchost.exe","2348","Services","0","956 K"
"WidgetService.exe","5240","Console","1","N/A"
"PowerToys.exe","3932","Console","1","11,692 K"
"HotKeyServiceUWP.exe","8200","Services","0","4,828 K"
"svchost.exe","8256","Services","0","1,828 K"
"ctfmon.exe","8388","Console","1","13,688 K"
"msedgewebview2.exe","9136","Console","1","30,708 K"
"svchost.exe","9204","Services","0","4,220 K"
"msedgewebview2.exe","8604","Console","1","480 K"
"svchost.exe","8804","Services","0","2,508 K"
"svchost.exe","8812","Services","0","3,684 K"
"msedgewebview2.exe","9484","Console","1","19,704 K"
"msedgewebview2.exe","9580","Console","1","65,112 K"
"msedgewebview2.exe","9768","Console","1","103,568 K"
"msedgewebview2.exe","9832","Console","1","2,452 K"
"svchost.exe","10008","Services","0","7,992 K"
"spoolsv.exe","9612","Services","0","3,096 K"
"svchost.exe","10632","Services","0","2,932 K"
"PowerToys.QuickAccess.exe","10752","Console","1","356 K"
"mDNSResponder.exe","10988","Services","0","3,700 K"
"AnyDesk.exe","11028","Services","0","2,776 K"
"svchost.exe","11096","Services","0","32,912 K"
"DSAService.exe","11112","Services","0","40,304 K"
"DSAUpdateService.exe","11140","Services","0","16,076 K"
"svchost.exe","11176","Services","0","33,044 K"
"ibtsiva.exe","9844","Services","0","1,368 K"
"FMService64.exe","10972","Services","0","1,320 K"
"svchost.exe","11296","Services","0","2,984 K"
"OneApp.IGCC.WinService.exe","11396","Services","0","8,572 K"
"svchost.exe","11464","Services","0","2,920 K"
"svchost.exe","11528","Services","0","2,912 K"
"jhi_service.exe","11576","Services","0","16 K"
"RstMwService.exe","11832","Services","0","16 K"
"RtkAudUService64.exe","11840","Services","0","4,920 K"
"svchost.exe","11864","Services","0","2,336 K"
"svchost.exe","11972","Services","0","528 K"
"MSPCManagerService.exe","11980","Services","0","33,964 K"
"SNAPOSS64.exe","12012","Services","0","152 K"
"WMIRegistrationService.exe","12084","Services","0","20 K"
"svchost.exe","12160","Services","0","9,408 K"
"XtuService.exe","12244","Services","0","7,936 K"
"svchost.exe","12272","Services","0","1,276 K"
"wslservice.exe","12296","Services","0","14,408 K"
"tailscaled.exe","12664","Services","0","7,060 K"
"esif_uf.exe","12800","Services","0","1,932 K"
"LanWlanWwanSwitchingServiceUWP.exe","12880","Services","0","1,268 K"
"wlanext.exe","12892","Services","0","56 K"
"SNAPOS64.exe","12960","Console","1","2,348 K"
"conhost.exe","13144","Console","1","148 K"
"MicrosoftStartFeedProvider.exe","11776","Console","1","1,804 K"
"RuntimeBroker.exe","13300","Console","1","1,164 K"
"RtkAudUService64.exe","13380","Console","1","2,712 K"
"TextInputHost.exe","8840","Console","1","29,860 K"
"AggregatorHost.exe","7024","Services","0","7,700 K"
"PowerToys.AlwaysOnTop.exe","10672","Console","1","264 K"
"PowerToys.Awake.exe","4600","Console","1","3,400 K"
"PowerToys.AdvancedPaste.exe","14832","Console","1","N/A"
"PowerToys.ColorPickerUI.exe","13000","Console","1","N/A"
"tailscaled.exe","14972","Services","0","21,848 K"
"PowerToys.CropAndLock.exe","15192","Console","1","N/A"
"PowerToys.FancyZones.exe","15340","Console","1","588 K"
"PowerToys.KeyboardManagerEngine.exe","3468","Console","1","N/A"
"PowerToys.LightSwitchService.exe","11812","Console","1","1,928 K"
"PowerToys.Peek.UI.exe","14000","Console","1","N/A"
"svchost.exe","12120","Services","0","24,188 K"
"Microsoft.CmdPal.UI.exe","10616","Console","1","2,832 K"
"PowerToys.PowerDisplay.exe","14400","Console","1","3,272 K"
"PowerToys.PowerLauncher.exe","10652","Console","1","6,300 K"
"PowerToys.ShortcutGuide.exe","15396","Console","1","3,748 K"
"SearchIndexer.exe","15604","Services","0","18,380 K"
"svchost.exe","15976","Services","0","1,156 K"
"svchost.exe","16120","Services","0","1,864 K"
"python.exe","11220","Services","0","4 K"
"conhost.exe","3600","Services","0","84 K"
"python.exe","13216","Services","0","66,880 K"
"DSATray.exe","16964","Console","1","4,120 K"
"SecurityHealthSystray.exe","3716","Console","1","N/A"
"SecurityHealthService.exe","3612","Services","0","4,904 K"
"svchost.exe","4372","Services","0","7,748 K"
"cua-driver.exe","13948","Console","1","736 K"
"conhost.exe","10464","Console","1","200 K"
"Microsoft.CmdPal.Ext.PowerToys.exe","5888","Console","1","3,760 K"
"RtkAudUService64.exe","7576","Console","1","440 K"
"svchost.exe","9852","Services","0","5,924 K"
"MSPCManager.exe","8732","Console","1","37,300 K"
"RuntimeBroker.exe","15096","Console","1","824 K"
"msedgewebview2.exe","6484","Console","1","1,508 K"
"msedgewebview2.exe","12952","Console","1","296 K"
"msedgewebview2.exe","2712","Console","1","596 K"
"msedgewebview2.exe","6236","Console","1","476 K"
"msedgewebview2.exe","7948","Console","1","N/A"
"msedgewebview2.exe","9120","Console","1","N/A"
"tailscale-ipn.exe","6828","Console","1","9,688 K"
"svchost.exe","1464","Services","0","7,492 K"
"svchost.exe","4084","Services","0","4,108 K"
"svchost.exe","9080","Services","0","8,056 K"
"svchost.exe","5852","Services","0","17,112 K"
"svchost.exe","2476","Services","0","2,688 K"
"svchost.exe","7484","Services","0","1,872 K"
"UserOOBEBroker.exe","13616","Console","1","4,416 K"
"svchost.exe","4660","Services","0","3,232 K"
"BioIso.exe","11184","Services","0","8 K"
"svchost.exe","17648","Console","1","2,220 K"
"svchost.exe","19008","Services","0","1,276 K"
"dasHost.exe","19376","Services","0","300 K"
"svchost.exe","18824","Services","0","1,768 K"
"svchost.exe","18804","Services","0","1,044 K"
"MsMpEng.exe","15468","Services","0","317,744 K"
"MpDefenderCoreService.exe","7584","Services","0","8,100 K"
"NisSrv.exe","9588","Services","0","6,144 K"
"conhost.exe","18444","Console","1","N/A"
"node.exe","3176","Console","1","N/A"
"cmd.exe","17460","Console","1","N/A"
"node.exe","7356","Console","1","N/A"
"svchost.exe","20060","Services","0","1,176 K"
"svchost.exe","18964","Services","0","2,148 K"
"svchost.exe","11880","Services","0","1,696 K"
"ApplicationFrameHost.exe","4060","Console","1","N/A"
"HPAudioControl_19H1.exe","10512","Console","1","N/A"
"RuntimeBroker.exe","13712","Console","1","776 K"
"svchost.exe","18992","Services","0","1,176 K"
"svchost.exe","20684","Console","1","N/A"
"svchost.exe","12588","Services","0","1,972 K"
"svchost.exe","1076","Services","0","2,808 K"
"ShellExperienceHost.exe","5936","Console","1","N/A"
"RuntimeBroker.exe","7244","Console","1","N/A"
"svchost.exe","18880","Services","0","3,500 K"
"HPAudioAnalytics.exe","21368","Services","0","4,208 K"
"WindowsTerminal.exe","6868","Console","1","30,788 K"
"git.exe","836","Console","1","2,200 K"
"osk.exe","11512","Console","1","19,912 K"
"WindowsPackageManagerServer.exe","6140","Console","1","232 K"
"Docker Desktop.exe","18044","Console","1","N/A"
"com.docker.backend.exe","5700","Console","1","N/A"
"conhost.exe","5712","Console","1","N/A"
"com.docker.backend.exe","2392","Console","1","5,172 K"
"com.docker.build.exe","5576","Console","1","N/A"
"Docker Desktop.exe","19484","Console","1","5,168 K"
"Docker Desktop.exe","16392","Console","1","1,068 K"
"Docker Desktop.exe","16908","Console","1","2,288 K"
"conhost.exe","5220","Console","1","N/A"
"node.exe","23440","Console","1","N/A"
"taskhostw.exe","416","Console","1","3,104 K"
"cmd.exe","24500","Console","1","N/A"
"node.exe","23972","Console","1","N/A"
"docker-agent.exe","15576","Console","1","10,084 K"
"python.exe","10316","Services","0","4 K"
"python.exe","20140","Services","0","4 K"
"conhost.exe","10692","Services","0","152 K"
"conhost.exe","15148","Services","0","152 K"
"cmd.exe","10460","Services","0","8 K"
"python.exe","20216","Services","0","9,660 K"
"python.exe","9872","Services","0","9,624 K"
"cmd.exe","22676","Services","0","4 K"
"conhost.exe","24148","Services","0","152 K"
"conhost.exe","19044","Services","0","148 K"
"cmd.exe","5308","Services","0","8 K"
"cmd.exe","16072","Services","0","8 K"
"conhost.exe","22688","Services","0","152 K"
"cmd.exe","15488","Services","0","4 K"
"conhost.exe","4172","Services","0","152 K"
"conhost.exe","21384","Services","0","140 K"
"cmd.exe","2668","Services","0","8 K"
"conhost.exe","22032","Services","0","152 K"
"cmd.exe","10948","Services","0","8 K"
"conhost.exe","1920","Services","0","152 K"
"node.exe","16944","Services","0","4 K"
"node.exe","12924","Services","0","16 K"
"node.exe","2780","Services","0","16 K"
"node.exe","16208","Services","0","12 K"
"node.exe","3192","Services","0","12 K"
"node.exe","2752","Services","0","4 K"
"node.exe","13656","Services","0","8 K"
"mindstudio.exe","22336","Services","0","9,616 K"
"conhost.exe","16620","Services","0","156 K"
"python.exe","21728","Services","0","4 K"
"conhost.exe","11164","Services","0","140 K"
"python.exe","6760","Services","0","9,448 K"
"cmd.exe","2232","Services","0","4 K"
"conhost.exe","10180","Services","0","152 K"
"node.exe","4156","Services","0","4 K"
"cmd.exe","21772","Services","0","4 K"
"cmd.exe","15320","Services","0","4 K"
"cmd.exe","2292","Services","0","4 K"
"node.exe","23752","Services","0","5,732 K"
"node.exe","23052","Services","0","7,596 K"
"node.exe","13228","Services","0","7,888 K"
"cmd.exe","23896","Services","0","4 K"
"node.exe","14960","Services","0","7,472 K"
"cmd.exe","7792","Services","0","4 K"
"cmd.exe","19708","Services","0","4 K"
"cmd.exe","17252","Services","0","4 K"
"node.exe","15692","Services","0","7,536 K"
"node.exe","19820","Services","0","7,912 K"
"node.exe","22724","Services","0","8,088 K"
"cmd.exe","21092","Services","0","4 K"
"node.exe","16660","Services","0","6,788 K"
"docker.exe","8180","Services","0","5,916 K"
"conhost.exe","14784","Services","0","4 K"
"docker-mcp.exe","24336","Services","0","15,480 K"
"conhost.exe","20680","Console","1","N/A"
"node.exe","5232","Console","1","N/A"
"cmd.exe","1896","Console","1","N/A"
"node.exe","21184","Console","1","N/A"
"Notepad.exe","13468","Console","1","836 K"
"conhost.exe","10252","Console","1","N/A"
"node.exe","20568","Console","1","N/A"
"cmd.exe","2364","Console","1","N/A"
"node.exe","9000","Console","1","1,356 K"
"conhost.exe","6520","Console","1","N/A"
"node.exe","17240","Console","1","N/A"
"cmd.exe","20528","Console","1","N/A"
"node.exe","12944","Console","1","1,360 K"
"conhost.exe","19792","Console","1","N/A"
"node.exe","19212","Console","1","N/A"
"cmd.exe","7428","Console","1","N/A"
"node.exe","17332","Console","1","1,340 K"
"cmd.exe","19424","Console","1","N/A"
"conhost.exe","944","Console","1","N/A"
"node.exe","13856","Console","1","N/A"
"cmd.exe","4012","Console","1","N/A"
"node.exe","17444","Console","1","N/A"
"git.exe","22912","Console","1","1,056 K"
"git.exe","9544","Console","1","1,004 K"
"git.exe","17952","Console","1","1,008 K"
"git.exe","23344","Console","1","1,008 K"
"git.exe","4284","Console","1","1,004 K"
"git.exe","9888","Console","1","1,004 K"
"git.exe","13348","Console","1","1,060 K"
"git.exe","19000","Console","1","1,008 K"
"git.exe","24020","Console","1","1,004 K"
"git.exe","18916","Console","1","1,032 K"
"git.exe","4772","Console","1","888 K"
"git.exe","13248","Console","1","888 K"
"git.exe","10584","Console","1","888 K"
"conhost.exe","14024","Console","1","N/A"
"node.exe","4832","Console","1","N/A"
"cmd.exe","9808","Console","1","N/A"
"node.exe","24152","Console","1","N/A"
"conhost.exe","20292","Console","1","N/A"
"node.exe","13104","Console","1","N/A"
"cmd.exe","24300","Console","1","N/A"
"node.exe","22920","Console","1","1,380 K"
"conhost.exe","16252","Console","1","N/A"
"node.exe","18512","Console","1","N/A"
"cmd.exe","8740","Console","1","N/A"
"node.exe","13012","Console","1","N/A"
"conhost.exe","21004","Console","1","N/A"
"node.exe","24704","Console","1","N/A"
"cmd.exe","21164","Console","1","N/A"
"node.exe","25300","Console","1","1,368 K"
"conhost.exe","17816","Console","1","N/A"
"conhost.exe","12292","Console","1","N/A"
"node.exe","10696","Console","1","N/A"
"node.exe","21904","Console","1","N/A"
"cmd.exe","21636","Console","1","N/A"
"cmd.exe","24312","Console","1","N/A"
"node.exe","3876","Console","1","11,504 K"
"node.exe","6844","Console","1","N/A"
"DataExchangeHost.exe","10612","Console","1","N/A"
"conhost.exe","25572","Console","1","N/A"
"node.exe","5528","Console","1","N/A"
"cmd.exe","24648","Console","1","N/A"
"node.exe","1320","Console","1","N/A"
"RuntimeBroker.exe","21064","Console","1","N/A"
"MSPCManagerCore.exe","18516","Console","1","54,072 K"
"ShellHost.exe","18848","Console","1","1,604 K"
"OpenConsole.exe","17548","Console","1","624 K"
"pwsh.exe","17696","Console","1","8 K"
"conhost.exe","17628","Console","1","N/A"
"node.exe","3156","Console","1","N/A"
"cmd.exe","19608","Console","1","N/A"
"node.exe","22272","Console","1","N/A"
"conhost.exe","20644","Console","1","N/A"
"node.exe","20564","Console","1","N/A"
"cmd.exe","19756","Console","1","N/A"
"node.exe","18940","Console","1","1,372 K"
"brave.exe","24228","Console","1","44,076 K"
"brave.exe","4692","Console","1","N/A"
"brave.exe","20664","Console","1","5,100 K"
"brave.exe","14648","Console","1","10,464 K"
"brave.exe","10528","Console","1","1,724 K"
"brave.exe","2352","Console","1","2,380 K"
"brave.exe","19816","Console","1","2,152 K"
"brave.exe","16844","Console","1","2,296 K"
"brave.exe","17700","Console","1","1,940 K"
"brave.exe","15072","Console","1","1,832 K"
"brave.exe","26444","Console","1","1,960 K"
"brave.exe","2032","Console","1","1,588 K"
"brave.exe","8376","Console","1","1,860 K"
"brave.exe","25208","Console","1","1,848 K"
"brave.exe","13820","Console","1","2,048 K"
"brave.exe","12500","Console","1","2,488 K"
"hermes.exe","23200","Console","1","N/A"
"python.exe","21104","Console","1","N/A"
"python.exe","18264","Console","1","29,300 K"
"docker.exe","5132","Console","1","6,312 K"
"mindstudio.exe","13432","Console","1","404 K"
"conhost.exe","21628","Console","1","N/A"
"python.exe","21940","Console","1","N/A"
"python.exe","6368","Console","1","N/A"
"conhost.exe","1924","Console","1","N/A"
"conhost.exe","7656","Console","1","N/A"
"python.exe","18172","Console","1","N/A"
"conhost.exe","26452","Console","1","N/A"
"conhost.exe","8272","Console","1","N/A"
"python.exe","21652","Console","1","N/A"
"python.exe","3360","Console","1","N/A"
"python.exe","26160","Console","1","N/A"
"docker-mcp.exe","22364","Console","1","3,368 K"
"cmd.exe","428","Console","1","N/A"
"cmd.exe","14044","Console","1","N/A"
"conhost.exe","26124","Console","1","N/A"
"cmd.exe","2708","Console","1","N/A"
"conhost.exe","25544","Console","1","N/A"
"cmd.exe","21548","Console","1","N/A"
"conhost.exe","25692","Console","1","N/A"
"cmd.exe","20736","Console","1","N/A"
"conhost.exe","11108","Console","1","N/A"
"cmd.exe","7880","Console","1","N/A"
"conhost.exe","20072","Console","1","N/A"
"cmd.exe","16824","Console","1","N/A"
"conhost.exe","24532","Console","1","N/A"
"cmd.exe","13532","Console","1","N/A"
"conhost.exe","18888","Console","1","N/A"
"conhost.exe","23608","Console","1","N/A"
"node.exe","17328","Console","1","N/A"
"node.exe","13724","Console","1","N/A"
"node.exe","23604","Console","1","N/A"
"node.exe","17596","Console","1","N/A"
"node.exe","24572","Console","1","N/A"
"node.exe","20580","Console","1","N/A"
"node.exe","20120","Console","1","N/A"
"node.exe","21708","Console","1","N/A"
"cmd.exe","6580","Console","1","N/A"
"node.exe","22232","Console","1","1,040 K"
"cmd.exe","23400","Console","1","N/A"
"cmd.exe","23632","Console","1","N/A"
"cmd.exe","26144","Console","1","N/A"
"cmd.exe","16956","Console","1","N/A"
"cmd.exe","9880","Console","1","N/A"
"cmd.exe","5076","Console","1","N/A"
"node.exe","25136","Console","1","1,032 K"
"cmd.exe","22264","Console","1","N/A"
"node.exe","5988","Console","1","1,028 K"
"node.exe","3840","Console","1","1,048 K"
"node.exe","24432","Console","1","N/A"
"node.exe","13976","Console","1","1,056 K"
"node.exe","23280","Console","1","1,108 K"
"node.exe","24680","Console","1","1,040 K"
"WmiPrvSE.exe","2664","Services","0","23,968 K"
"svchost.exe","23192","Services","0","9,752 K"
"svchost.exe","15224","Services","0","15,880 K"
"bash.exe","25356","Console","1","224 K"
"conhost.exe","24920","Console","1","776 K"
"bash.exe","19048","Console","1","4,264 K"
"RuntimeBroker.exe","18232","Console","1","10,624 K"
"backgroundTaskHost.exe","12508","Console","1","47,880 K"
"RuntimeBroker.exe","14692","Console","1","31,096 K"
"bash.exe","12428","Console","1","8,692 K"
"tasklist.exe","17932","Console","1","12,088 K"
